<!DOCTYPE struts PUBLIC
"-//Apache Software Foundation//DTD Struts Configuration 2.0//EN"
"http://struts.apache.org/dtds/struts-2.0.dtd">

<struts>
   
    <!-- Configuration for the default package. -->
    <package name="default" namespace="/" extends="struts-default">
        <interceptors>
            <interceptor name="mylogging" class="com.spice.addengine.interceptor.SessInter">
            </interceptor>
            <interceptor-stack name="loggingStack">
                <interceptor-ref name="mylogging"/>
                <interceptor-ref name="defaultStack" />
            </interceptor-stack>
        </interceptors>
        <default-interceptor-ref name="loggingStack"/>
        <global-results>
            <result name="sessionexpired">jsp/Login.jsp</result>
        </global-results>
        <action name="login" class="com.obd.mis.action.Login">
            <result name="admin" type="chain">fetechCamp</result>
            <result name="fail" >/jsp/Login.jsp</result>
            <result name="input">/jsp/Login.jsp</result>
        </action>
        <action name="fetechCamp" class="com.obd.mis.action.CampData">
            <result name="success">/jsp/Report.jsp</result>
            <result name="fail">/jsp/Login.jsp</result>

        </action>
        <action class="com.obd.mis.action.SignOut" name="signout">

            <result name="success">/jsp/Login.jsp</result>
            <result name="fail">/jsp/Login.jsp</result>
        </action>
        <action name="criteriaData" class="com.obd.mis.action.CriteriaDataAction">
            <result name="success">/jsp/CriteriaData.jsp</result>
            <result name="fail">/jsp/Login.jsp</result>
        </action>
        <action name="criteriaParam" class="com.obd.mis.action.SetParameterAction">
            <result name="success">/jsp/CriteriaData.jsp</result>
            <result name="fail">/jsp/Login.jsp</result>
        </action>
        <action name="platformDetails" class="com.obd.mis.action.PlatformAction">
            <result name="success">/jsp/PlatFormView.jsp</result>
            <result name="fail">/jsp/Login.jsp</result>
        </action>
        <action name="platform" class="com.obd.mis.action.PlatDataAction">
            <result name="success">/jsp/PlatView.jsp</result>
            <result name="fail">/jsp/Login.jsp</result>
        </action>
        <action name="dwnldExcel" class="com.obd.csv.DownloadExcel">
            <result name="success" type="stream">
                <param name="contentDisposition">contentDisposition</param>
                <param name="contentType">application/vnd.ms-excel</param>
                <param name="inputName">fileInputStream</param>
                <param name="bufferSize">1024</param>
            </result>
        </action>
        <action name="dwnldExcelfil" class="com.obd.csv.ExcelDownCSVAction">
            <result name="success" type="stream">
                <param name="contentDisposition">contentDisposition</param>
                <param name="contentType">application/vnd.ms-excel</param>
                <param name="inputName">fileInputStream</param>
                <param name="bufferSize">1024</param>
            </result>
        </action>
        <action name="dwnldExcelplat" class="com.obd.csv.ExcelPlatAction">
            <result name="success" type="stream">
                <param name="contentDisposition">contentDisposition</param>
                <param name="contentType">application/vnd.ms-excel</param>
                <param name="inputName">fileInputStream</param>
                <param name="bufferSize">1024</param>
            </result>
        </action>
        <action name="dwnldplatD" class="com.obd.csv.DownloadExcelPlatAction">
            <result name="success" type="stream">
                <param name="contentDisposition">contentDisposition</param>
                <param name="contentType">application/vnd.ms-excel</param>
                <param name="inputName">fileInputStream</param>
                <param name="bufferSize">1024</param>
            </result>
        </action>
        <action name="dwnldExcelcsv" class="com.obd.csv.DownloadSCDAction">
            <result name="success" type="stream">
                <param name="contentDisposition">contentDisposition</param>
                <param name="contentType">application/octet-stream</param>
                <param name="inputName">fileInputStream</param>
                <param name="bufferSize">1024</param>
            </result>
        </action>

    </package>
</struts>
