<?xml version="1.0" encoding="UTF-8"?>
<beans xmlns="http://www.springframework.org/schema/beans"
	xmlns:xsi="http://www.w3.org/2001/XMLSchema-instance" xmlns:context="http://www.springframework.org/schema/context"
	xsi:schemaLocation="http://www.springframework.org/schema/beans http://www.springframework.org/schema/beans/spring-beans.xsd
		 http://www.springframework.org/schema/context http://www.springframework.org/schema/context/spring-context.xsd">

	<context:annotation-config />
	<import resource="context-common.xml" />
	<import resource="context-service.xml" />
	<!-- <bean name="imsg" class="com.vtl.msg.servicesImpl.MSGImpl"/> -->	 
	
	<!-- <bean name="imsg" class="com.vtl.msg.servicesImpl.MSGImpl"
		init-method="init">
		<property name="umfCREDENTIALS_CLI_NAME" value="${UMF_CREDENTIALS_CLI_NAME}" />
		<property name="umfCREDENTIALS_CLI_NAME_List">
		<list />
		</property>
		<property name="umfCREDENTIALS_USER_NAME" value="${UMF_CREDENTIALS_USER_NAME}" />
		<property name="umfCREDENTIALS_USER_NAME_List">
			<list />
		</property>
		<property name="umfCREDENTIALS_PASSWORD" value="${UMF_CREDENTIALS_PASSWORD}" />
		<property name="umfCREDENTIALS_PASSWORD_List">
			<list />
		</property>
		<property name="umfMessaging" ref="umfMessaging"/>
	</bean>
	 -->
	
</beans>