<?xml version="1.0" encoding="UTF-8"?>
<beans xmlns="http://www.springframework.org/schema/beans"
	xmlns:xsi="http://www.w3.org/2001/XMLSchema-instance" xmlns:context="http://www.springframework.org/schema/context"
	xsi:schemaLocation="http://www.springframework.org/schema/beans http://www.springframework.org/schema/beans/spring-beans.xsd
		 http://www.springframework.org/schema/context http://www.springframework.org/schema/context/spring-context.xsd">

	<bean id="propertyConfigurer"
		class="org.springframework.beans.factory.config.PropertyPlaceholderConfigurer">
		<property name="locations">
			<list>	
			<value>file:/home/connectuser/MessageInvoker/config/MessageInvoker.properties</value>									
				<!-- <value>file:D:\AmitData\VideoconProjectData\WorkSpace\RechargeWalletWorkspace\MessageInvoker\MessageInvoker-Config\MessageInvoker.properties</value> -->
				
			</list>
		</property>
	</bean>

	<bean id="fileConfig" class="com.vtl.msg.config.FileConfig">
		<property name="remoteFileSourcePath" value="${REMOTE_FILE_SOURCE_PATH}" />		
	</bean>

	<bean id="umfConfig" class="com.vtl.msg.config.UmfConfig">
		<property name="umfInterface" value="${UMF_INTERFACE}" />
		<property name="umfUserName" value="${UMF_USER_NAME}" />
		<property name="umfPassword" value="${UMF_PASSWORD}" />
		<property name="senderName" value="${UMF_SENDER_NAME}" />
		<property name="smsText" value="${UMF_SMS_TEXT}" />
		<property name="errorText" value="${UMF_SMS_TEXT_ERROR}" />
	</bean>
	
	
	<bean id="message" class="com.vtl.msg.beans.Message" scope="prototype" />	
	
	<bean id="msgInvokerDatasource" class="org.apache.commons.dbcp.BasicDataSource"
		destroy-method="close">
		<property name="url" value="${DB_URL}" />
		<property name="driverClassName" value="${DB_DRIVER}" />
		<property name="username" value="${DB_USER}" />
		<property name="password" value="${DB_PASSWORD}" />

		<property name="initialSize" value="${DB_INITIAL_CONNECTION}" />
		<property name="maxActive" value="${DB_MAX_ACTIVE_CONNECTION}" />
		<property name="minIdle" value="${DB_MIN_IDLE_CONNECTION}" />

		<property name="testOnBorrow" value="${DB_CONNECTION_TEST_ON_BORROW}" />
		<property name="testWhileIdle" value="${DB_CONNECTION_TEST_WHILE_IDLE}" />
		<property name="testOnReturn" value="${DB_CONNECTION_TEST_ON_RETURN}" />

		<property name="timeBetweenEvictionRunsMillis" value="${DB_TIME_BETWEEN_EVICTION_RUNS_MILLIS}" />
		<property name="minEvictableIdleTimeMillis" value="${DB_MIN_EVICATABLE_IDLE_TIME_MILLIS}"></property>

		<property name="removeAbandoned" value="${DB_REMOVE_ABANDONED}" />
		<property name="removeAbandonedTimeout" value="${DB_REMOVE_ABANDONED_TIMEOUT}" />
	</bean>
	
	
</beans>