<?xml version="1.0" encoding="UTF-8"?>
<beans xmlns="http://www.springframework.org/schema/beans"
	xmlns:xsi="http://www.w3.org/2001/XMLSchema-instance" xmlns:context="http://www.springframework.org/schema/context"
	xsi:schemaLocation="http://www.springframework.org/schema/beans http://www.springframework.org/schema/beans/spring-beans.xsd
		 http://www.springframework.org/schema/context http://www.springframework.org/schema/context/spring-context.xsd">

	<import resource="context-common.xml" />

	
	<bean id="baseUploadFacade" class="com.vtl.messageInvoker.servicesImpl.BaseUploadFacade">
		<property name="fileService" ref="fileService"></property>
	</bean>

	<bean id="jsch" class="com.jcraft.jsch.JSch" scope="singleton" />

	<bean id="fileService" class="com.vtl.messageInvoker.servicesImpl.FileService">		
		<property name="fileDao" ref="fileDao" />
		<property name="messageService" ref="messageService"/>
		
		<property name="threadPoolSize" value="${THREAD_POOL_SIZE}"/>
	</bean>
	
	<bean id="fileDao" class="com.vtl.messageInvoker.daoImpl.FileDao">
		<property name="dataSource" ref="msgInvokerDatasource"/>
		<property name="message" ref="message"/>		
	</bean>
	
	<bean name="messageService" class="com.vtl.messageInvoker.servicesImpl.MessageService"
		init-method="init">
		<!-- <property name="umfCREDENTIALS_CLI_NAME" value="${UMF_CREDENTIALS_CLI_NAME}" />
		<property name="umfCREDENTIALS_CLI_NAME_List">
		<list />
		</property>
		<property name="umfCREDENTIALS_USER_NAME" value="${UMF_CREDENTIALS_USER_NAME}" />
		<property name="umfCREDENTIALS_USER_NAME_List">
			<list />
		</property>
		<property name="umfCREDENTIALS_PASSWORD" value="${UMF_CREDENTIALS_PASSWORD}" />
		<property name="umfCREDENTIALS_PASSWORD_List">
			<list />
		</property> -->
		<property name="umfCliName" value="${UMF_CREDENTIALS_CLI_NAME}" />
		<property name="umfCliNameList">
		<list />
		</property>
		<property name="umfUserName" value="${UMF_CREDENTIALS_USER_NAME}" />
		<property name="umfUserNameList">
			<list />
		</property>
		<property name="umfPassword" value="${UMF_CREDENTIALS_PASSWORD}" />
		<property name="umfPasswordList">
			<list />
		</property>	
		
		
		<property name="umfMessaging" ref="umfMessaging"/>
	</bean>
	
	<bean id="umfMessaging" class="com.vtl.msg.util.UMFMessaging">
	
		<property name="umfConfig" ref = "umfConfig"/>
		
	</bean>	

	<!-- <bean id="baseLoadScheduler" class="com.vtl.messageInvoker.schedulers.BaseUploadScheduler">
		<property name="baseUploadFacade" ref="baseUploadFacade" />
	</bean> -->

	<!-- <bean id="baseLoadJob"
		class="org.springframework.scheduling.quartz.MethodInvokingJobDetailFactoryBean">
		<property name="targetObject" ref="baseLoadScheduler" />
		<property name="targetMethod" value="performTask" />
	</bean> -->

	<!-- <bean id="baseLoadCronTrigger" class="org.springframework.scheduling.quartz.CronTriggerBean">
		<property name="jobDetail" ref="baseLoadJob" />
		<property name="cronExpression" value="${CRON_SCHEDULER_BASE_UPLOAD_CACHE}" />
	</bean> -->
	
	<bean id="paperBaseLoadScheduler" class="com.vtl.messageInvoker.schedulers.PaperBaseUploadScheduler">
		<property name="tansLowId" value="${LOW_TRANSID}"/>
		<property name="transHighId" value="${HIGH_TRANSID}"/>
		<property name="baseUploadFacade" ref="baseUploadFacade" />
	</bean>

	<bean id="paperBaseLoadJob"
		class="org.springframework.scheduling.quartz.MethodInvokingJobDetailFactoryBean">
		<property name="targetObject" ref="paperBaseLoadScheduler" />
		<property name="targetMethod" value="performTask" />
	</bean>

	<bean id="paperBaseLoadCronTrigger" class="org.springframework.scheduling.quartz.CronTriggerBean">
		<property name="jobDetail" ref="paperBaseLoadJob" />
		<property name="cronExpression" value="${CRON_SCHEDULER_PAPER_BASE_UPLOAD_CACHE}" />
	</bean>

	<bean class="org.springframework.scheduling.quartz.SchedulerFactoryBean">
		<property name="jobDetails">
			<list>
				<!-- <ref bean="baseLoadJob" /> -->
				<ref bean="paperBaseLoadJob" />
			</list>
		</property>

		<property name="triggers">
			<list>
				<!-- <ref bean="baseLoadCronTrigger" /> -->
				<ref bean="paperBaseLoadCronTrigger" />
			</list>
		</property>
	</bean>

</beans>